MES,AVALIACAO_MEDIA
2022-06, 3.397487
2022-05, 3.299396
2022-07, 3.265897
2022-02, 3.230088
2022-01, 3.098643
2022-03, 3.051851
2022-04, 2.839238